-- phpMyAdmin SQL Dump
-- version 4.8.4
-- https://www.phpmyadmin.net/
--
-- 主机： 127.0.0.1
-- 生成日期： 2020-01-18 02:43:58
-- 服务器版本： 10.1.37-MariaDB
-- PHP 版本： 7.3.1

SET SQL_MODE = "NO_AUTO_VALUE_ON_ZERO";
SET AUTOCOMMIT = 0;
START TRANSACTION;
SET time_zone = "+00:00";


/*!40101 SET @OLD_CHARACTER_SET_CLIENT=@@CHARACTER_SET_CLIENT */;
/*!40101 SET @OLD_CHARACTER_SET_RESULTS=@@CHARACTER_SET_RESULTS */;
/*!40101 SET @OLD_COLLATION_CONNECTION=@@COLLATION_CONNECTION */;
/*!40101 SET NAMES utf8mb4 */;

--
-- 数据库： `bick`
--
CREATE DATABASE IF NOT EXISTS `bick` DEFAULT CHARACTER SET utf8 COLLATE utf8_general_ci;
USE `bick`;

-- --------------------------------------------------------

--
-- 表的结构 `bk_admin`
--

DROP TABLE IF EXISTS `bk_admin`;
CREATE TABLE IF NOT EXISTS `bk_admin` (
  `id` mediumint(9) NOT NULL AUTO_INCREMENT COMMENT '管理员ID',
  `name` varchar(30) NOT NULL COMMENT '管理员名称',
  `password` char(32) NOT NULL COMMENT '管理员密码',
  PRIMARY KEY (`id`)
) ENGINE=InnoDB AUTO_INCREMENT=24 DEFAULT CHARSET=utf8;

--
-- 转存表中的数据 `bk_admin`
--

INSERT INTO `bk_admin` (`id`, `name`, `password`) VALUES
(21, 'admin', 'e10adc3949ba59abbe56e057f20f883e'),
(22, 'admin000', 'e10adc3949ba59abbe56e057f20f883e'),
(23, 'admin123', 'e10adc3949ba59abbe56e057f20f883e');

-- --------------------------------------------------------

--
-- 表的结构 `bk_article`
--

DROP TABLE IF EXISTS `bk_article`;
CREATE TABLE IF NOT EXISTS `bk_article` (
  `id` mediumint(9) NOT NULL AUTO_INCREMENT COMMENT '文章id',
  `title` varchar(60) NOT NULL COMMENT '文章标题',
  `keywords` varchar(100) NOT NULL COMMENT '关键字',
  `desc` varchar(255) NOT NULL COMMENT '描述',
  `author` varchar(30) NOT NULL COMMENT '作者',
  `thumb` varchar(160) NOT NULL COMMENT '缩略图',
  `content` text NOT NULL COMMENT '内容',
  `click` mediumint(9) NOT NULL DEFAULT '0' COMMENT '点击数',
  `zan` mediumint(9) NOT NULL DEFAULT '0' COMMENT '点赞数',
  `rec` tinyint(4) NOT NULL DEFAULT '0' COMMENT '0:不推荐,1:推荐',
  `time` int(10) NOT NULL COMMENT '发布时间',
  `cateid` mediumint(9) NOT NULL COMMENT '所属栏目',
  PRIMARY KEY (`id`)
) ENGINE=InnoDB AUTO_INCREMENT=19 DEFAULT CHARSET=utf8;

--
-- 转存表中的数据 `bk_article`
--

INSERT INTO `bk_article` (`id`, `title`, `keywords`, `desc`, `author`, `thumb`, `content`, `click`, `zan`, `rec`, `time`, `cateid`) VALUES
(5, '777', '111', '是是是', '1', '/tp5/public\\uploads/20191202\\c5dd6a6dde4cafa9210bdbdc20938e39.JPG', '<p>哈哈哈</p>', 1, 0, 0, 0, 23),
(6, '1', '', '', '', '', '', 0, 0, 0, 0, 23),
(7, 'adas', 'sad ', 'ad ', 'asds ', '', '<p>asdasdasdasd</p>', 0, 0, 0, 0, 23),
(8, '撒大声地所多', '到时候', '胜多负少', '到时候', '/tp5/public\\uploads/20191229\\9cad36e7ecfcdfe7b5f9b3dd55d2388a.jpg', '<p>阿是的发送到发送到<br/></p>', 1, 0, 0, 0, 29),
(9, '两个电饭锅', '电话', '水电费', '读后感', '/tp5/public\\uploads/20191229\\ca6609c5b5b5bc9e46754c68eb72b994.jpg', '<p>电话公司的风格是的发个<br/></p>', 2, 0, 0, 0, 29),
(10, '很多公司电话', '多喝水', '到时候供电所覆盖', ' 多喝水', '/tp5/public\\uploads/20191229\\fdceb646dfe3cfae155c7ebf66b78fb6.jpg', '<p>规划局恢诡谲怪非结构化<br/></p>', 6, 0, 0, 0, 30),
(11, '二纬路翁人', '更好哈哈哈', '哈哈哈股份', '胜多负少', '/tp5/public\\uploads/20191229\\f60f187cab1303c7486adda6c334430d.jpg', '<p>风高放火更符合规范化<br/></p>', 8, 0, 1, 1577449484, 29),
(12, '单车生活图片', '单车生活图片', '单车生活图片', '单车生活图片', '/tp5/public\\uploads/20191229\\62d1a101918247e217ed89146a46d093.jpg', '<p>单车生活图片</p>', 0, 0, 0, 1577517033, 36),
(13, '行业资讯单页', '行业资讯单页', '行业资讯单页', '行业资讯单页', '/tp5/public\\uploads/20191229\\6b3065c98112ae337adc9e5b79e94f98.jpg', '<p>行业资讯单页</p>', 0, 0, 1, 1577517172, 35),
(14, '骑行装备', '骑行装备', '骑行装备', '骑行装备', '/tp5/public\\uploads/20191229\\0f077eeef697e0998038f247bee956b0.png', '<p>车身装备</p>', 2, 0, 0, 1577517784, 32),
(15, '骑行装备', '骑行装备', '骑行装备', '骑行装备', '/tp5/public\\uploads/20191229\\90eb936af5522450af44e2a3ace19965.jpg', '<p>骑行装备 人身<br/></p>', 1, 0, 0, 1577517812, 33),
(16, '单车生活图片2', '单车生活图片2', '单车生活图片2', '单车生活图片2', '/tp5/public\\uploads/20191229\\c1e4b69fbb44eb415be0dcc2302f746b.jpg', '<p>单车生活图片2</p>', 9, 0, 1, 1577522610, 36),
(17, '发送到发送到', '胜多负少的', '梵蒂冈地方', '胜多负少', '/tp5/public\\uploads/20191229\\750e68294956bb048696b9f5fb136356.jpg', '<p>速度<br/></p>', 11, 0, 1, 1577522646, 36),
(18, '关于我们', '关于我们', '关于我们', '关于我们', '/tp5/public\\uploads/20191229\\abe829fdfd69647c78ae6a5b217d8ef8.jpg', '<p>关于我们关于我们关于我们关于我们关于我们关于我们关于我们关于我们关于我们关于我们关于我们关于我们关于我们关于我们关于我们关于我们关于我们关于我们关于我们关于我们关于我们关于我们关于我们关于我们关于我们关于我们关于我们关于我们关于我们关于我们关于我们关于我们关于我们关于我们关于我们关于我们关于我们关于我们关于我们关于我们关于我们关于我们关于我们关于我们关于我们关于我们关于我们关于我们关于我们关于我们关于我们关于我们关于我们关于我们关于我们关于我们关于我们关于我们关于我们关于我们关于我们关于我们关于我们关于我们关于我们关于我们关于我们关于我们关于我们关于我们关于我们关于我们关于我们关于我们关于我们关于我们关于我们关于我们关于我们关于我们关于我们关于我们关于我们关于我们关于我们关于我们关于我们关于我们关于我们关于我们关于我们关于我们关于我们关于我们关于我们关于我们关于我们关于我们关于我们关于我们关于我们关于我们关于我们关于我们关于我们关于我们关于我们</p>', 2, 0, 0, 1577525293, 37);

-- --------------------------------------------------------

--
-- 表的结构 `bk_auth_group`
--

DROP TABLE IF EXISTS `bk_auth_group`;
CREATE TABLE IF NOT EXISTS `bk_auth_group` (
  `id` mediumint(8) UNSIGNED NOT NULL AUTO_INCREMENT,
  `title` char(100) NOT NULL DEFAULT '',
  `status` tinyint(1) NOT NULL DEFAULT '1',
  `rules` char(80) NOT NULL DEFAULT '',
  PRIMARY KEY (`id`)
) ENGINE=MyISAM AUTO_INCREMENT=9 DEFAULT CHARSET=utf8;

--
-- 转存表中的数据 `bk_auth_group`
--

INSERT INTO `bk_auth_group` (`id`, `title`, `status`, `rules`) VALUES
(6, '链接专员', 1, '2,25,26,27,32'),
(3, '配置管理员', 1, '16,18,21,23,24,22'),
(8, '超级管理员', 1, '2,25,26,27,32,16,18,21,23,24,22,10,28,29,30');

-- --------------------------------------------------------

--
-- 表的结构 `bk_auth_group_access`
--

DROP TABLE IF EXISTS `bk_auth_group_access`;
CREATE TABLE IF NOT EXISTS `bk_auth_group_access` (
  `uid` mediumint(8) UNSIGNED NOT NULL,
  `group_id` mediumint(8) UNSIGNED NOT NULL,
  UNIQUE KEY `uid_group_id` (`uid`,`group_id`),
  KEY `uid` (`uid`),
  KEY `group_id` (`group_id`)
) ENGINE=MyISAM DEFAULT CHARSET=utf8;

--
-- 转存表中的数据 `bk_auth_group_access`
--

INSERT INTO `bk_auth_group_access` (`uid`, `group_id`) VALUES
(21, 8),
(22, 6),
(23, 3);

-- --------------------------------------------------------

--
-- 表的结构 `bk_auth_rule`
--

DROP TABLE IF EXISTS `bk_auth_rule`;
CREATE TABLE IF NOT EXISTS `bk_auth_rule` (
  `id` mediumint(8) UNSIGNED NOT NULL AUTO_INCREMENT,
  `name` char(80) NOT NULL DEFAULT '',
  `title` char(20) NOT NULL DEFAULT '',
  `type` tinyint(1) NOT NULL DEFAULT '1',
  `status` tinyint(1) NOT NULL DEFAULT '1',
  `condition` char(100) NOT NULL DEFAULT '',
  `pid` mediumint(9) NOT NULL DEFAULT '0',
  `level` tinyint(1) NOT NULL DEFAULT '0',
  `sortn` int(5) NOT NULL DEFAULT '50',
  PRIMARY KEY (`id`),
  UNIQUE KEY `name` (`name`)
) ENGINE=MyISAM AUTO_INCREMENT=33 DEFAULT CHARSET=utf8;

--
-- 转存表中的数据 `bk_auth_rule`
--

INSERT INTO `bk_auth_rule` (`id`, `name`, `title`, `type`, `status`, `condition`, `pid`, `level`, `sortn`) VALUES
(23, 'conf/del', '配置删除', 1, 1, '', 21, 2, 50),
(2, 'link', '友情链接', 1, 1, '', 0, 0, 50),
(21, 'conf/lst', '配置列表', 1, 1, '', 16, 1, 50),
(16, 'sys', '系统设置', 1, 1, '', 0, 0, 50),
(6, '尔尔', '热热热', 1, 1, '', 7, 1, 50),
(14, '电话', '水电费水电费是', 1, 1, '', 4, 1, 50),
(8, '大幅度', '大幅度', 1, 1, '', 5, 2, 50),
(22, 'conf/add', '添加配置', 1, 1, '', 21, 2, 50),
(10, 'admin', '管理员', 1, 1, '', 0, 0, 50),
(18, 'conf/conf', '配置项', 1, 1, '', 16, 1, 50),
(12, '热热热', '777', 1, 1, '', 7, 2, 50),
(24, 'conf/edit', '配置编辑', 1, 1, '', 21, 2, 50),
(25, 'link/lst', '链接列表', 1, 1, '', 2, 1, 50),
(26, 'link/add', '添加链接', 1, 1, '', 25, 2, 50),
(27, 'link/del', '链接删除', 1, 1, '', 25, 2, 50),
(28, 'admin/lst', '管理员列表', 1, 1, '', 10, 1, 50),
(29, 'admin/add', '管理员添加', 1, 1, '', 28, 2, 50),
(30, 'add/edit', '管理员编辑', 1, 1, '', 28, 2, 50),
(31, 'admin/del', '管理员删除', 1, 1, '', 28, 2, 50),
(32, 'link/edit', '链接修改', 1, 1, '', 25, 2, 50);

-- --------------------------------------------------------

--
-- 表的结构 `bk_cate`
--

DROP TABLE IF EXISTS `bk_cate`;
CREATE TABLE IF NOT EXISTS `bk_cate` (
  `id` mediumint(9) NOT NULL AUTO_INCREMENT COMMENT '栏目id',
  `catename` varchar(30) NOT NULL COMMENT '栏目名称',
  `type` tinyint(1) NOT NULL DEFAULT '1' COMMENT '栏目类型1:列表栏目 2:单页栏目3图片列表',
  `keyword` varchar(255) NOT NULL COMMENT '栏目关键词',
  `desc` varchar(255) NOT NULL COMMENT '栏目描述',
  `content` text NOT NULL COMMENT '栏目内容',
  `pid` mediumint(9) NOT NULL DEFAULT '0' COMMENT '上级栏目id',
  `sort` mediumint(9) NOT NULL DEFAULT '50' COMMENT '排序',
  PRIMARY KEY (`id`)
) ENGINE=InnoDB AUTO_INCREMENT=39 DEFAULT CHARSET=utf8;

--
-- 转存表中的数据 `bk_cate`
--

INSERT INTO `bk_cate` (`id`, `catename`, `type`, `keyword`, `desc`, `content`, `pid`, `sort`) VALUES
(28, '单车分类', 1, '', ' ', '<p>水电费水电费<br/></p>', 0, 50),
(29, '死飞车', 1, '', '', '', 28, 50),
(30, '复古骑行', 1, '', '', '', 28, 50),
(31, '骑行装备', 1, '', '', '', 0, 50),
(32, '车身装备', 1, '', '', '', 31, 50),
(33, '人身装备', 1, '', ' ', ' ', 31, 50),
(34, '单车生活', 3, '', '   ', '   ', 0, 50),
(35, '行业资讯', 2, '', '       ', '      ', 0, 50),
(36, '单车生活2', 3, '单车生活2', '单车生活2', '<p>单车生活2</p>', 34, 50),
(37, '关于我们', 2, '关于我们', ' 关于我们', '<p>关于我们关于我们关于我们关于我们关于我们关于我们关于我们关于我们关于我们关于我们关于我们关于我们关于我们关于我们关于我们关于我们关于我们关于我们关于我们关于我们关于我们关于我们关于我们关于我们关于我们关于我们关于我们关于我们关于我们关于我们关于我们关于我们关于我们关于我们关于我们关于我们关于我们关于我们关于我们关于我们关于我们关于我们关于我们关于我们关于我们关于我们关于我们关于我们关于我们关于我们关于我们关于我们关于我们关于我们关于我们关于我们关于我们关于我们关于我们关于我们关于我们关于我们关于我们关于我们关于我们关于我们关于我们关于我们关于我们关于我们关于我们关于我们关于我们关于我们关于我们关于我们关于我们关于我们关于我们关于我们关于我们关于我们关于我们关于我们关于我们关于我们关于我们关于我们关于我们关于我们关于我们关于我们关于我们关于我们关于我们关于我们关于我们关于我们关于我们关于我们关于我们关于我们关于我们关于我们关于我们关于我们关于我们关于我们关于我们关于我们关于我们关于我们关于我们关于我们<br/></p>', 0, 50),
(38, '大幅度', 1, '电话', '的', '<p>大幅度<br/></p>', 30, 50);

-- --------------------------------------------------------

--
-- 表的结构 `bk_conf`
--

DROP TABLE IF EXISTS `bk_conf`;
CREATE TABLE IF NOT EXISTS `bk_conf` (
  `id` mediumint(9) NOT NULL AUTO_INCREMENT COMMENT '配置id',
  `cnname` varchar(50) NOT NULL COMMENT '配置中文名称',
  `enname` varchar(50) NOT NULL COMMENT '配置英文名称',
  `type` tinyint(1) NOT NULL DEFAULT '1' COMMENT '配置类型1单行2,多行,3,单选,4复选,5下拉',
  `value` varchar(255) NOT NULL COMMENT '配置值',
  `values` varchar(255) NOT NULL COMMENT '配置可选值',
  `sort` smallint(6) NOT NULL DEFAULT '50' COMMENT '排序',
  PRIMARY KEY (`id`)
) ENGINE=InnoDB AUTO_INCREMENT=12 DEFAULT CHARSET=utf8;

--
-- 转存表中的数据 `bk_conf`
--

INSERT INTO `bk_conf` (`id`, `cnname`, `enname`, `type`, `value`, `values`, `sort`) VALUES
(4, '是否关闭网站', 'close', 4, '', '是\r\n', 5),
(5, '清除缓存间隔', 'code', 5, '3个小时', '1个小时,2个小时,3个小时', 30),
(9, '单行', 'danhang', 1, '10000000', '是打发第三方士大夫', 50),
(10, '多行', 'duohang', 2, '1', '说话撒地方问问', 50),
(11, '单选', 'danxuan', 3, '舒舒服服', '舒舒服服', 50);

-- --------------------------------------------------------

--
-- 表的结构 `bk_link`
--

DROP TABLE IF EXISTS `bk_link`;
CREATE TABLE IF NOT EXISTS `bk_link` (
  `id` int(11) NOT NULL AUTO_INCREMENT COMMENT '链接id',
  `title` varchar(50) NOT NULL,
  `descr` varchar(50) NOT NULL,
  `url` varchar(50) NOT NULL,
  `sortn` int(11) NOT NULL,
  PRIMARY KEY (`id`)
) ENGINE=InnoDB AUTO_INCREMENT=18 DEFAULT CHARSET=utf8;

--
-- 转存表中的数据 `bk_link`
--

INSERT INTO `bk_link` (`id`, `title`, `descr`, `url`, `sortn`) VALUES
(2, 'baidu', '', 'http://www.baidu.com', 1),
(14, '测试链接', '对对对', 'http://localhost/tp5/public/test/test', 0),
(15, 'tree 宝塔', '大幅度', 'http://localhost/tp5/public/test/tree', 0),
(16, 'tree v', '大幅度', 'http://localhost/tp5/public/test/treev', 0),
(17, 'ziapu', '对对对', 'http://localhost/tp5/public/index/ziapu', 0);

-- --------------------------------------------------------

--
-- 表的结构 `bk_zpadmin`
--

DROP TABLE IF EXISTS `bk_zpadmin`;
CREATE TABLE IF NOT EXISTS `bk_zpadmin` (
  `id` int(10) UNSIGNED NOT NULL AUTO_INCREMENT COMMENT '成员ID',
  `pid` int(10) UNSIGNED NOT NULL COMMENT '父亲ID',
  `guanx` tinyint(1) NOT NULL DEFAULT '0' COMMENT '0:未知,1:父,2:母,3儿,4女,',
  `shenbsc` tinyint(3) NOT NULL DEFAULT '0' COMMENT '申伯世次',
  `nanzsc` tinyint(3) NOT NULL DEFAULT '0' COMMENT '南洲世次',
  `fenzbh` tinyint(4) NOT NULL DEFAULT '0' COMMENT '分支编号',
  `name` varchar(10) NOT NULL,
  `xing` varchar(4) NOT NULL COMMENT '姓',
  `ming` varchar(6) NOT NULL COMMENT '名',
  `biem` varchar(8) NOT NULL COMMENT '别名',
  `xingb` varchar(2) NOT NULL COMMENT '性别',
  `paih` tinyint(2) NOT NULL DEFAULT '0' COMMENT '排行',
  `dianh` varchar(12) NOT NULL COMMENT '电话',
  `zhib` tinyint(2) NOT NULL COMMENT '字辈',
  `biaoj` varchar(4) NOT NULL COMMENT '标记',
  `zhujd` varchar(50) NOT NULL COMMENT '祖籍地',
  `xianjd` varchar(50) NOT NULL COMMENT '现居地',
  `xuex` varchar(2) NOT NULL COMMENT '血型',
  `sheng` tinyint(3) NOT NULL COMMENT '身高cm',
  `yicb` varchar(20) NOT NULL COMMENT '遗传病',
  `youx` varchar(20) NOT NULL COMMENT '邮箱',
  `xuel` varchar(10) NOT NULL COMMENT '学历',
  `yuanx` varchar(50) NOT NULL COMMENT '院校',
  `danw` varchar(50) NOT NULL COMMENT '单位',
  `zhiw` varchar(20) NOT NULL COMMENT '职务',
  `jiyz` varchar(20) NOT NULL COMMENT '基因座',
  `shengr` datetime NOT NULL COMMENT '生日',
  `jianz` tinyint(1) NOT NULL COMMENT '是否健在',
  PRIMARY KEY (`id`),
  UNIQUE KEY `id` (`id`)
) ENGINE=InnoDB AUTO_INCREMENT=177 DEFAULT CHARSET=utf8 COMMENT='家谱成员管理数据表';

--
-- 转存表中的数据 `bk_zpadmin`
--

INSERT INTO `bk_zpadmin` (`id`, `pid`, `guanx`, `shenbsc`, `nanzsc`, `fenzbh`, `name`, `xing`, `ming`, `biem`, `xingb`, `paih`, `dianh`, `zhib`, `biaoj`, `zhujd`, `xianjd`, `xuex`, `sheng`, `yicb`, `youx`, `xuel`, `yuanx`, `danw`, `zhiw`, `jiyz`, `shengr`, `jianz`) VALUES
(1, 0, 0, 0, 0, 0, '谢尚真', '谢', '尚真', '', '0', 1, '', 0, '', '', '', '', 0, '', '', '', '', '', '', '', '0000-00-00 00:00:00', 0),
(2, 1, 3, 0, 0, 0, '谢支秀', '谢', '支秀', '', '0', 1, '', 0, '', '', '', '', 0, '', '', '', '', '', '', '', '0000-00-00 00:00:00', 0),
(22, 2, 2, 0, 0, 0, '黄氏', '黄', '氏', '', '1', 1, '', 0, '', '', '', '', 0, '', '', '', '', '', '', '', '0000-00-00 00:00:00', 0),
(23, 2, 3, 0, 0, 0, '谢宥隆', '谢', '宥隆', '', '0', 1, '', 0, '', '', '', '', 0, '', '', '', '', '', '', '', '0000-00-00 00:00:00', 0),
(24, 23, 2, 0, 0, 0, '黄氏', '黄', '氏', '', '1', 1, '', 0, '', '', '', '', 0, '', '', '', '', '', '', '', '0000-00-00 00:00:00', 0),
(25, 2, 3, 0, 0, 0, '谢宥奉', '谢', '宥奉', '', '0', 2, '', 0, '', '', '', '', 0, '', '', '', '', '', '', '', '0000-00-00 00:00:00', 0),
(26, 25, 2, 0, 0, 0, '林氏', '林', '氏', '', '1', 1, '', 0, '', '', '', '', 0, '', '', '', '', '', '', '', '0000-00-00 00:00:00', 0),
(27, 25, 2, 0, 0, 0, '梁氏', '梁', '氏', '', '1', 2, '', 0, '', '', '', '', 0, '', '', '', '', '', '', '', '0000-00-00 00:00:00', 0),
(28, 25, 3, 0, 0, 0, '谢德恩', '谢', '德恩', '', '0', 1, '', 0, '', '', '', '', 0, '', '', '', '', '', '', '', '0000-00-00 00:00:00', 0),
(29, 23, 3, 0, 0, 0, '谢德盛', '谢', '德盛', '', '0', 1, '', 0, '', '', '', '', 0, '', '', '', '', '', '', '', '0000-00-00 00:00:00', 0),
(30, 29, 2, 0, 0, 0, '氏氏', '氏', '氏', '', '1', 1, '', 0, '', '', '', '', 0, '', '', '', '', '', '', '', '0000-00-00 00:00:00', 0),
(31, 29, 3, 0, 0, 0, '谢天照', '谢', '天照', '', '0', 1, '', 0, '', '', '', '', 0, '', '', '', '', '', '', '', '0000-00-00 00:00:00', 0),
(32, 29, 4, 0, 0, 0, '谢女', '谢', '女', '', '1', 1, '', 0, '', '', '', '', 0, '', '', '', '', '', '', '', '0000-00-00 00:00:00', 0),
(33, 23, 3, 0, 0, 0, '谢德昌', '谢', '德昌', '', '0', 2, '', 0, '', '', '', '', 0, '', '', '', '', '', '', '', '0000-00-00 00:00:00', 0),
(34, 33, 2, 0, 0, 0, '黎氏', '黎', '氏', '', '1', 1, '', 0, '', '', '', '', 0, '', '', '', '', '', '', '', '0000-00-00 00:00:00', 0),
(35, 33, 3, 0, 0, 0, '谢天文', '谢', '天文', '', '0', 1, '', 0, '', '', '', '', 0, '', '', '', '', '', '', '', '0000-00-00 00:00:00', 0),
(36, 33, 3, 0, 0, 0, '谢天玖', '谢', '天玖', '', '0', 2, '', 0, '', '', '', '', 0, '', '', '', '', '', '', '', '0000-00-00 00:00:00', 0),
(37, 33, 3, 0, 0, 0, '谢天通', '谢', '天通', '', '0', 3, '', 0, '', '', '', '', 0, '', '', '', '', '', '', '', '0000-00-00 00:00:00', 0),
(38, 23, 3, 0, 0, 0, '谢德惠', '谢', '德惠', '', '0', 3, '', 0, '', '', '', '', 0, '', '', '', '', '', '', '', '0000-00-00 00:00:00', 0),
(39, 38, 3, 0, 0, 0, '谢天载', '谢', '天载', '', '0', 1, '', 0, '', '', '', '', 0, '', '', '', '', '', '', '', '0000-00-00 00:00:00', 0),
(40, 38, 3, 0, 0, 0, '谢天辉', '谢', '天辉', '', '0', 2, '', 0, '', '', '', '', 0, '', '', '', '', '', '', '', '0000-00-00 00:00:00', 0),
(41, 40, 2, 0, 0, 0, '陈氏', '陈', '氏', '', '1', 1, '', 0, '', '', '', '', 0, '', '', '', '', '', '', '', '0000-00-00 00:00:00', 0),
(42, 40, 3, 0, 0, 0, '谢洪德', '谢', '洪德', '', '0', 1, '', 0, '', '', '', '', 0, '', '', '', '', '', '', '', '0000-00-00 00:00:00', 0),
(43, 42, 2, 0, 0, 0, '刘氏', '刘', '氏', '', '1', 1, '', 0, '', '', '', '', 0, '', '', '', '', '', '', '', '0000-00-00 00:00:00', 0),
(44, 42, 3, 0, 0, 0, '谢振瑞', '谢', '振瑞', '', '0', 1, '', 0, '', '', '', '', 0, '', '', '', '', '', '', '', '0000-00-00 00:00:00', 0),
(45, 42, 3, 0, 0, 0, '谢振业', '谢', '振业', '', '0', 2, '', 0, '', '', '', '', 0, '', '', '', '', '', '', '', '0000-00-00 00:00:00', 0),
(46, 45, 2, 0, 0, 0, '韩氏', '韩', '氏', '', '1', 1, '', 0, '', '', '', '', 0, '', '', '', '', '', '', '', '0000-00-00 00:00:00', 0),
(47, 45, 3, 0, 0, 0, '谢以盛', '谢', '以盛', '', '0', 1, '', 0, '', '', '', '', 0, '', '', '', '', '', '', '', '0000-00-00 00:00:00', 0),
(48, 45, 3, 0, 0, 0, '谢以辉', '谢', '以辉', '', '0', 2, '', 0, '', '', '', '', 0, '', '', '', '', '', '', '', '0000-00-00 00:00:00', 0),
(49, 45, 4, 0, 0, 0, '谢大女', '谢', '大女', '', '1', 1, '', 0, '', '', '', '', 0, '', '', '', '', '', '', '', '0000-00-00 00:00:00', 0),
(50, 45, 4, 0, 0, 0, '谢二女', '谢', '二女', '', '1', 1, '', 0, '', '', '', '', 0, '', '', '', '', '', '', '', '0000-00-00 00:00:00', 0),
(51, 44, 2, 0, 0, 0, '莫氏', '莫', '氏', '', '1', 1, '', 0, '', '', '', '', 0, '', '', '', '', '', '', '', '0000-00-00 00:00:00', 0),
(52, 44, 3, 0, 0, 0, '谢以才', '谢', '以才', '', '0', 3, '', 0, '', '', '', '', 0, '', '', '', '', '', '', '', '0000-00-00 00:00:00', 0),
(53, 44, 3, 0, 0, 0, '谢长子', '谢', '长子', '', '0', 1, '', 0, '', '', '', '', 0, '', '', '', '', '', '', '', '0000-00-00 00:00:00', 0),
(54, 44, 3, 0, 0, 0, '谢延锦', '谢', '延锦', '', '0', 2, '', 0, '', '', '', '', 0, '', '', '', '', '', '', '', '0000-00-00 00:00:00', 0),
(55, 44, 3, 0, 0, 0, '谢以进', '谢', '以进', '', '0', 4, '', 0, '', '', '', '', 0, '', '', '', '', '', '', '', '0000-00-00 00:00:00', 0),
(56, 44, 3, 0, 0, 0, '谢以兴', '谢', '以兴', '', '0', 5, '', 0, '', '', '', '', 0, '', '', '', '', '', '', '', '0000-00-00 00:00:00', 0),
(57, 44, 3, 0, 0, 0, '谢以义', '谢', '以义', '', '0', 6, '', 0, '', '', '', '', 0, '', '', '', '', '', '', '', '0000-00-00 00:00:00', 0),
(58, 44, 4, 0, 0, 0, '谢大女', '谢', '大女', '', '0', 1, '', 0, '', '', '', '', 0, '', '', '', '', '', '', '', '0000-00-00 00:00:00', 0),
(59, 57, 2, 0, 0, 0, '陈氏', '陈', '氏', '', '1', 1, '', 0, '', '', '', '', 0, '', '', '', '', '', '', '', '0000-00-00 00:00:00', 0),
(60, 57, 2, 0, 0, 0, '卢氏', '卢', '氏', '', '1', 2, '', 0, '', '', '', '', 0, '', '', '', '', '', '', '', '0000-00-00 00:00:00', 0),
(61, 57, 3, 0, 0, 0, '谢延佑', '谢', '延佑', '', '0', 1, '', 0, '', '', '', '', 0, '', '', '', '', '', '', '', '0000-00-00 00:00:00', 0),
(62, 56, 2, 0, 0, 0, '巫氏', '巫', '氏', '', '1', 1, '', 0, '', '', '', '', 0, '', '', '', '', '', '', '', '0000-00-00 00:00:00', 0),
(63, 56, 3, 0, 0, 0, '谢延福', '谢', '延福', '', '0', 1, '', 0, '', '', '', '', 0, '', '', '', '', '', '', '', '0000-00-00 00:00:00', 0),
(64, 63, 2, 0, 0, 0, '周氏', '周', '氏', '', '1', 1, '', 0, '', '', '', '', 0, '', '', '', '', '', '', '', '0000-00-00 00:00:00', 0),
(65, 63, 3, 0, 0, 0, '谢光土', '谢', '光土', '', '0', 1, '', 0, '', '', '', '', 0, '', '', '', '', '', '', '', '0000-00-00 00:00:00', 0),
(66, 63, 3, 0, 0, 0, '谢二子', '谢', '二子', '', '0', 2, '', 0, '', '', '', '', 0, '', '', '', '', '', '', '', '0000-00-00 00:00:00', 0),
(67, 63, 4, 0, 0, 0, '谢大女', '谢', '大女', '', '1', 1, '', 0, '', '', '', '', 0, '', '', '', '', '', '', '', '0000-00-00 00:00:00', 0),
(68, 63, 4, 0, 0, 0, '谢二女', '谢', '二女', '', '1', 2, '', 0, '', '', '', '', 0, '', '', '', '', '', '', '', '0000-00-00 00:00:00', 0),
(69, 56, 3, 0, 0, 0, '谢延礽', '谢', '延礽', '', '0', 2, '', 0, '', '', '', '', 0, '', '', '', '', '', '', '', '0000-00-00 00:00:00', 0),
(70, 56, 3, 0, 0, 0, '谢延佑', '谢', '延佑', '', '0', 3, '', 0, '', '', '', '', 0, '', '', '', '', '', '', '', '0000-00-00 00:00:00', 0),
(71, 56, 3, 0, 0, 0, '谢延禄', '谢', '延禄', '', '0', 4, '', 0, '', '', '', '', 0, '', '', '', '', '', '', '', '0000-00-00 00:00:00', 0),
(72, 71, 2, 0, 0, 0, '陈氏', '陈', '氏', '', '1', 1, '', 0, '', '', '', '', 0, '', '', '', '', '', '', '', '0000-00-00 00:00:00', 0),
(73, 70, 2, 0, 0, 0, '梁氏', '梁', '氏', '', '1', 1, '', 0, '', '', '', '', 0, '', '', '', '', '', '', '', '0000-00-00 00:00:00', 0),
(74, 70, 3, 0, 0, 0, '谢学通', '谢', '学通', '', '0', 1, '', 0, '', '', '', '', 0, '', '', '', '', '', '', '', '0000-00-00 00:00:00', 0),
(75, 74, 2, 0, 0, 0, '梁氏', '梁', '氏', '', '1', 1, '', 0, '', '', '', '', 0, '', '', '', '', '', '', '', '0000-00-00 00:00:00', 0),
(76, 74, 3, 0, 0, 0, '谢日孔', '谢', '日孔', '', '0', 1, '', 0, '', '', '', '', 0, '', '', '', '', '', '', '', '0000-00-00 00:00:00', 0),
(77, 74, 3, 0, 0, 0, '谢二子', '谢', '二子', '', '0', 1, '', 0, '', '', '', '', 0, '', '', '', '', '', '', '', '0000-00-00 00:00:00', 0),
(78, 74, 4, 0, 0, 0, '谢大女', '谢', '大女', '', '1', 1, '', 0, '', '', '', '', 0, '', '', '', '', '', '', '', '0000-00-00 00:00:00', 0),
(79, 74, 4, 0, 0, 0, '谢二女', '谢', '二女', '', '1', 2, '', 0, '', '', '', '', 0, '', '', '', '', '', '', '', '0000-00-00 00:00:00', 0),
(80, 74, 4, 0, 0, 0, '谢耀芬', '谢', '耀芬', '', '1', 3, '', 0, '', '', '', '', 0, '', '', '', '', '', '', '', '0000-00-00 00:00:00', 0),
(81, 70, 3, 0, 0, 0, '谢学达', '谢', '学达', '', '0', 2, '', 0, '', '', '', '', 0, '', '', '', '', '', '', '', '0000-00-00 00:00:00', 0),
(82, 81, 2, 0, 0, 0, '杨汉芳', '杨', '汉芳', '', '1', 1, '', 0, '', '', '', '', 0, '', '', '', '', '', '', '', '0000-00-00 00:00:00', 0),
(83, 81, 3, 0, 0, 0, '谢奇光', '谢', '奇光', '', '0', 4, '', 0, '', '', '', '', 0, '', '', '', '', '', '', '', '0000-00-00 00:00:00', 0),
(84, 83, 2, 0, 0, 0, '黄益奎', '黄', '益奎', '', '1', 1, '', 0, '', '', '', '', 0, '', '', '', '', '', '', '', '0000-00-00 00:00:00', 0),
(85, 70, 3, 0, 0, 0, '谢学远', '谢', '学远', '', '0', 3, '', 0, '', '', '', '', 0, '', '', '', '', '', '', '', '0000-00-00 00:00:00', 0),
(86, 85, 2, 0, 0, 0, '梁秀文', '梁', '秀文', '', '1', 1, '', 0, '', '', '', '', 0, '', '', '', '', '', '', '', '0000-00-00 00:00:00', 0),
(87, 85, 3, 0, 0, 0, '谢伟光', '谢', '伟光', '', '0', 3, '', 0, '', '', '', '', 0, '', '', '', '', '', '', '', '0000-00-00 00:00:00', 0),
(88, 87, 2, 0, 0, 0, '裴淑芸', '裴', '淑芸', '', '1', 1, '', 0, '', '', '', '', 0, '', '', '', '', '', '', '', '0000-00-00 00:00:00', 0),
(89, 87, 3, 0, 0, 0, '谢亦然', '谢', '亦然', '', '0', 5, '', 0, '', '', '', '', 0, '', '', '', '', '', '', '', '0000-00-00 00:00:00', 0),
(90, 89, 2, 0, 0, 0, '周燕芬', '周', '燕芬', '', '1', 1, '', 0, '', '', '', '', 0, '', '', '', '', '', '', '', '0000-00-00 00:00:00', 0),
(91, 89, 3, 0, 0, 0, '谢子立', '谢', '子立', '', '0', 1, '', 0, '', '', '', '', 0, '', '', '', '', '', '', '', '0000-00-00 00:00:00', 0),
(92, 87, 3, 0, 0, 0, '谢亦群', '谢', '亦群', '', '0', 2, '', 0, '', '', '', '', 0, '', '', '', '', '', '', '', '0000-00-00 00:00:00', 0),
(93, 87, 4, 0, 0, 0, '谢亦农', '谢', '亦农', '', '1', 4, '', 0, '', '', '', '', 0, '', '', '', '', '', '', '', '0000-00-00 00:00:00', 0),
(94, 93, 1, 0, 0, 0, '梁智江', '梁', '智江', '', '0', 1, '', 0, '', '', '', '', 0, '', '', '', '', '', '', '', '0000-00-00 00:00:00', 0),
(95, 93, 4, 0, 0, 0, '梁颖茵', '梁', '颖茵', '', '1', 1, '', 0, '', '', '', '', 0, '', '', '', '', '', '', '', '0000-00-00 00:00:00', 0),
(96, 85, 3, 0, 0, 0, '谢奇光', '谢', '奇光', '', '0', 4, '', 0, '', '', '', '', 0, '', '', '', '', '', '', '', '0000-00-00 00:00:00', 0),
(97, 96, 2, 0, 0, 0, '黄益奎', '黄', '益奎', '', '1', 1, '', 0, '', '', '', '', 0, '', '', '', '', '', '', '', '0000-00-00 00:00:00', 0),
(98, 96, 3, 0, 0, 0, '谢振明', '谢', '振明', '', '0', 2, '', 0, '', '', '', '', 0, '', '', '', '', '', '', '', '0000-00-00 00:00:00', 0),
(99, 98, 2, 0, 0, 0, '徐蕾', '徐', '蕾', '', '1', 1, '', 0, '', '', '', '', 0, '', '', '', '', '', '', '', '0000-00-00 00:00:00', 0),
(100, 98, 3, 0, 0, 0, '谢宵腾', '谢', '宵腾', '', '0', 1, '', 0, '', '', '', '', 0, '', '', '', '', '', '', '', '0000-00-00 00:00:00', 0),
(101, 96, 4, 0, 0, 0, '谢务芳', '谢', '务芳', '', '1', 1, '', 0, '', '', '', '', 0, '', '', '', '', '', '', '', '0000-00-00 00:00:00', 0),
(102, 101, 1, 0, 0, 0, '陈振兴', '陈', '振兴', '', '0', 1, '', 0, '', '', '', '', 0, '', '', '', '', '', '', '', '0000-00-00 00:00:00', 0),
(103, 101, 3, 0, 0, 0, '陈亚雷', '陈', '亚雷', '', '0', 1, '', 0, '', '', '', '', 0, '', '', '', '', '', '', '', '0000-00-00 00:00:00', 0),
(104, 96, 4, 0, 0, 0, '谢杰芳', '谢', '杰芳', '', '1', 2, '', 0, '', '', '', '', 0, '', '', '', '', '', '', '', '0000-00-00 00:00:00', 0),
(105, 104, 1, 0, 0, 0, '陈少明', '陈', '少明', '', '0', 1, '', 0, '', '', '', '', 0, '', '', '', '', '', '', '', '0000-00-00 00:00:00', 0),
(106, 104, 3, 0, 0, 0, '陈永智', '陈', '永智', '', '0', 1, '', 0, '', '', '', '', 0, '', '', '', '', '', '', '', '0000-00-00 00:00:00', 0),
(107, 96, 4, 0, 0, 0, '谢炳芳', '谢', '炳芳', '', '1', 3, '', 0, '', '', '', '', 0, '', '', '', '', '', '', '', '0000-00-00 00:00:00', 0),
(108, 107, 1, 0, 0, 0, '陈闵', '陈', '闵', '', '0', 3, '', 0, '', '', '', '', 0, '', '', '', '', '', '', '', '0000-00-00 00:00:00', 0),
(109, 107, 4, 0, 0, 0, '陈颖', '陈', '颖', '', '1', 1, '', 0, '', '', '', '', 0, '', '', '', '', '', '', '', '0000-00-00 00:00:00', 0),
(110, 85, 3, 0, 0, 0, '谢龙光', '谢', '龙光', '', '0', 5, '', 0, '', '', '', '', 0, '', '', '', '', '', '', '', '0000-00-00 00:00:00', 0),
(111, 110, 2, 0, 0, 0, '夏福琼', '夏', '福琼', '', '1', 1, '', 0, '', '', '', '', 0, '', '', '', '', '', '', '', '0000-00-00 00:00:00', 0),
(112, 110, 3, 0, 0, 0, '谢振生', '谢', '振生', '', '0', 1, '', 0, '', '', '', '', 0, '', '', '', '', '', '', '', '0000-00-00 00:00:00', 0),
(113, 112, 2, 0, 0, 0, '覃伟杏', '覃', '伟杏', '', '1', 1, '', 0, '', '', '', '', 0, '', '', '', '', '', '', '', '0000-00-00 00:00:00', 0),
(114, 112, 3, 0, 0, 0, '谢欢', '谢', '欢', '', '0', 1, '', 0, '', '', '', '', 0, '', '', '', '', '', '', '', '0000-00-00 00:00:00', 0),
(115, 112, 4, 0, 0, 0, '谢莉', '谢', '莉', '', '1', 2, '', 0, '', '', '', '', 0, '', '', '', '', '', '', '', '0000-00-00 00:00:00', 0),
(116, 112, 4, 0, 0, 0, '谢翠', '谢', '翠', '', '1', 1, '', 0, '', '', '', '', 0, '', '', '', '', '', '', '', '0000-00-00 00:00:00', 0),
(117, 116, 1, 0, 0, 0, '黄进杰', '黄', '进杰', '', '0', 1, '', 0, '', '', '', '', 0, '', '', '', '', '', '', '', '0000-00-00 00:00:00', 0),
(118, 116, 4, 0, 0, 0, '黄敬丹', '黄', '敬丹', '', '1', 1, '', 0, '', '', '', '', 0, '', '', '', '', '', '', '', '0000-00-00 00:00:00', 0),
(119, 116, 4, 0, 0, 0, '黄雪媚', '黄', '雪媚', '', '1', 2, '', 0, '', '', '', '', 0, '', '', '', '', '', '', '', '0000-00-00 00:00:00', 0),
(120, 116, 4, 0, 0, 0, '黄三女', '黄', '三女', '', '1', 3, '', 0, '', '', '', '', 0, '', '', '', '', '', '', '', '0000-00-00 00:00:00', 0),
(121, 110, 4, 0, 0, 0, '谢炎芳', '谢', '炎芳', '', '1', 4, '', 0, '', '', '', '', 0, '', '', '', '', '', '', '', '0000-00-00 00:00:00', 0),
(122, 121, 1, 0, 0, 0, '陈立冬', '陈', '立冬', '', '0', 1, '', 0, '', '', '', '', 0, '', '', '', '', '', '', '', '0000-00-00 00:00:00', 0),
(123, 121, 3, 0, 0, 0, '陈仔', '陈', '仔', '', '0', 1, '', 0, '', '', '', '', 0, '', '', '', '', '', '', '', '0000-00-00 00:00:00', 0),
(124, 121, 4, 0, 0, 0, '陈女', '陈', '女', '', '1', 1, '', 0, '', '', '', '', 0, '', '', '', '', '', '', '', '0000-00-00 00:00:00', 0),
(125, 85, 3, 0, 0, 0, '谢政光', '谢', '政光', '', '0', 6, '', 0, '', '', '', '', 0, '', '', '', '', '', '', '', '0000-00-00 00:00:00', 0),
(126, 125, 2, 0, 0, 0, '邓琼芳', '邓', '琼芳', '', '1', 1, '', 0, '', '', '', '', 0, '', '', '', '', '', '', '', '0000-00-00 00:00:00', 0),
(127, 125, 3, 0, 0, 0, '谢炳松', '谢', '炳松', '', '0', 3, '', 0, '', '', '', '', 0, '', '', '', '', '', '', '', '0000-00-00 00:00:00', 0),
(128, 127, 2, 0, 0, 0, '邓幸芳', '邓', '幸芳', '', '1', 1, '', 0, '', '', '', '', 0, '', '', '', '', '', '', '', '0000-00-00 00:00:00', 0),
(129, 127, 3, 0, 0, 0, '谢炜健', '谢', '炜健', '', '0', 1, '', 0, '', '', '', '', 0, '', '', '', '', '', '', '', '0000-00-00 00:00:00', 0),
(130, 129, 2, 0, 0, 0, '黎雪', '黎', '雪', '', '1', 1, '', 0, '', '', '', '', 0, '', '', '', '', '', '', '', '0000-00-00 00:00:00', 0),
(131, 129, 3, 0, 0, 0, '谢宸宇', '谢', '宸宇', '', '0', 1, '', 0, '', '', '', '', 0, '', '', '', '', '', '', '', '0000-00-00 00:00:00', 0),
(132, 125, 3, 0, 0, 0, '谢振乾', '谢', '振乾', '', '0', 4, '', 0, '', '', '', '', 0, '', '', '', '', '', '', '', '0000-00-00 00:00:00', 0),
(133, 132, 2, 0, 0, 0, '廖新兰', '廖', '新兰', '', '1', 1, '', 0, '', '', '', '', 0, '', '', '', '', '', '', '', '0000-00-00 00:00:00', 0),
(134, 132, 3, 0, 0, 0, '谢昌成', '谢', '昌成', '', '0', 1, '', 0, '', '', '', '', 0, '', '', '', '', '', '', '', '0000-00-00 00:00:00', 0),
(135, 125, 3, 0, 0, 0, '谢振强', '谢', '振强', '', '0', 6, '', 0, '', '', '', '', 0, '', '', '', '', '', '', '', '0000-00-00 00:00:00', 0),
(136, 135, 2, 0, 0, 0, '周珍华', '周', '珍华', '', '1', 1, '', 0, '', '', '', '', 0, '', '', '', '', '', '', '', '0000-00-00 00:00:00', 0),
(137, 135, 3, 0, 0, 0, '谢羽泉', '谢', '羽泉', '', '0', 1, '', 0, '', '', '', '', 0, '', '', '', '', '', '', '', '0000-00-00 00:00:00', 0),
(138, 135, 4, 0, 0, 0, '谢心如', '谢', '心如', '', '1', 1, '', 0, '', '', '', '', 0, '', '', '', '', '', '', '', '0000-00-00 00:00:00', 0),
(139, 135, 4, 0, 0, 0, '谢心仪', '谢', '心仪', '', '1', 2, '', 0, '', '', '', '', 0, '', '', '', '', '', '', '', '0000-00-00 00:00:00', 0),
(140, 85, 3, 0, 0, 0, '谢树光', '谢', '树光', '', '0', 7, '', 0, '', '', '', '', 0, '', '', '', '', '', '', '', '0000-00-00 00:00:00', 0),
(141, 140, 2, 0, 0, 0, '廖爱琼', '廖', '爱琼', '', '1', 1, '', 0, '', '', '', '', 0, '', '', '', '', '', '', '', '0000-00-00 00:00:00', 0),
(142, 140, 3, 0, 0, 0, '谢明洋', '谢', '明洋', '', '0', 7, '', 0, '', '', '', '', 0, '', '', '', '', '', '', '', '0000-00-00 00:00:00', 0),
(143, 142, 2, 0, 0, 0, '林玉花', '林', '玉花', '', '1', 1, '', 0, '', '', '', '', 0, '', '', '', '', '', '', '', '0000-00-00 00:00:00', 0),
(144, 142, 3, 0, 0, 0, '谢鋆', '谢', '鋆', '', '0', 1, '', 0, '', '', '', '', 0, '', '', '', '', '', '', '', '0000-00-00 00:00:00', 0),
(145, 142, 3, 0, 0, 0, '谢浩', '谢', '浩', '', '0', 2, '', 0, '', '', '', '', 0, '', '', '', '', '', '', '', '0000-00-00 00:00:00', 0),
(146, 140, 4, 0, 0, 0, '谢芳芸', '谢', '芳芸', '', '1', 7, '', 0, '', '', '', '', 0, '', '', '', '', '', '', '', '0000-00-00 00:00:00', 0),
(147, 146, 1, 0, 0, 0, '马剑胜', '马', '剑胜', '', '0', 1, '', 0, '', '', '', '', 0, '', '', '', '', '', '', '', '0000-00-00 00:00:00', 0),
(148, 146, 4, 0, 0, 0, '马雪仪', '马', '雪仪', '', '1', 1, '', 0, '', '', '', '', 0, '', '', '', '', '', '', '', '0000-00-00 00:00:00', 0),
(149, 85, 3, 0, 0, 0, '谢启光', '谢', '启光', '', '0', 8, '', 0, '', '', '', '', 0, '', '', '', '', '', '', '', '0000-00-00 00:00:00', 0),
(150, 85, 4, 0, 0, 0, '谢超林', '谢', '超林', '', '1', 7, '', 0, '', '', '', '', 0, '', '', '', '', '', '', '', '0000-00-00 00:00:00', 0),
(151, 150, 1, 0, 0, 0, '陈靖才', '陈', '靖才', '', '0', 1, '', 0, '', '', '', '', 0, '', '', '', '', '', '', '', '0000-00-00 00:00:00', 0),
(152, 150, 3, 0, 0, 0, '陈光', '陈', '光', '', '0', 1, '', 0, '', '', '', '', 0, '', '', '', '', '', '', '', '0000-00-00 00:00:00', 0),
(153, 152, 2, 0, 0, 0, '秦深荣', '秦', '深荣', '', '1', 1, '', 0, '', '', '', '', 0, '', '', '', '', '', '', '', '0000-00-00 00:00:00', 0),
(154, 152, 3, 0, 0, 0, '陈伟成', '陈', '伟成', '', '0', 1, '', 0, '', '', '', '', 0, '', '', '', '', '', '', '', '0000-00-00 00:00:00', 0),
(155, 152, 4, 0, 0, 0, '陈秀杏', '陈', '秀杏', '', '1', 1, '', 0, '', '', '', '', 0, '', '', '', '', '', '', '', '0000-00-00 00:00:00', 0),
(156, 155, 1, 0, 0, 0, '梁志彬', '梁', '志彬', '', '0', 1, '', 0, '', '', '', '', 0, '', '', '', '', '', '', '', '0000-00-00 00:00:00', 0),
(157, 155, 4, 0, 0, 0, '梁琳婷', '梁', '琳婷', '', '1', 1, '', 0, '', '', '', '', 0, '', '', '', '', '', '', '', '0000-00-00 00:00:00', 0),
(158, 155, 4, 0, 0, 0, '梁霏茹', '梁', '霏茹', '', '1', 2, '', 0, '', '', '', '', 0, '', '', '', '', '', '', '', '0000-00-00 00:00:00', 0),
(159, 150, 3, 0, 0, 0, '陈辉', '陈', '辉', '', '0', 2, '', 0, '', '', '', '', 0, '', '', '', '', '', '', '', '0000-00-00 00:00:00', 0),
(160, 159, 2, 0, 0, 0, '覃琼禅', '覃', '琼禅', '', '1', 1, '', 0, '', '', '', '', 0, '', '', '', '', '', '', '', '0000-00-00 00:00:00', 0),
(161, 159, 3, 0, 0, 0, '陈海锋', '陈', '海锋', '', '0', 1, '', 0, '', '', '', '', 0, '', '', '', '', '', '', '', '0000-00-00 00:00:00', 0),
(162, 159, 3, 0, 0, 0, '陈剑锋', '陈', '剑锋', '', '0', 2, '', 0, '', '', '', '', 0, '', '', '', '', '', '', '', '0000-00-00 00:00:00', 0),
(163, 150, 3, 0, 0, 0, '陈平', '陈', '平', '', '0', 3, '', 0, '', '', '', '', 0, '', '', '', '', '', '', '', '0000-00-00 00:00:00', 0),
(164, 163, 3, 0, 0, 0, '陈志鹏', '陈', '志鹏', '', '0', 1, '', 0, '', '', '', '', 0, '', '', '', '', '', '', '', '0000-00-00 00:00:00', 0),
(165, 150, 4, 0, 0, 0, '陈洁芳', '陈', '洁芳', '', '1', 1, '', 0, '', '', '', '', 0, '', '', '', '', '', '', '', '0000-00-00 00:00:00', 0),
(166, 165, 1, 0, 0, 0, '尹振强', '尹', '振强', '', '0', 1, '', 0, '', '', '', '', 0, '', '', '', '', '', '', '', '0000-00-00 00:00:00', 0),
(167, 165, 3, 0, 0, 0, '尹家贵', '尹', '家贵', '', '0', 1, '', 0, '', '', '', '', 0, '', '', '', '', '', '', '', '0000-00-00 00:00:00', 0),
(168, 85, 4, 0, 0, 0, '谢超明', '谢', '超明', '', '1', 9, '', 0, '', '', '', '', 0, '', '', '', '', '', '', '', '0000-00-00 00:00:00', 0),
(169, 168, 1, 0, 0, 0, '韦玉昆', '韦', '玉昆', '', '0', 1, '', 0, '', '', '', '', 0, '', '', '', '', '', '', '', '0000-00-00 00:00:00', 0),
(170, 168, 3, 0, 0, 0, '韦云奇', '韦', '云奇', '', '0', 1, '', 0, '', '', '', '', 0, '', '', '', '', '', '', '', '0000-00-00 00:00:00', 0),
(171, 168, 3, 0, 0, 0, '韦云锋', '韦', '云锋', '', '0', 2, '', 0, '', '', '', '', 0, '', '', '', '', '', '', '', '0000-00-00 00:00:00', 0),
(172, 171, 2, 0, 0, 0, '殷晓军', '殷', '晓军', '', '1', 1, '', 0, '', '', '', '', 0, '', '', '', '', '', '', '', '0000-00-00 00:00:00', 0),
(173, 168, 4, 0, 0, 0, '韦云飞', '韦', '云飞', '', '1', 1, '', 0, '', '', '', '', 0, '', '', '', '', '', '', '', '0000-00-00 00:00:00', 0),
(174, 173, 1, 0, 0, 0, '李岱俊', '李', '岱俊', '', '0', 1, '', 0, '', '', '', '', 0, '', '', '', '', '', '', '', '0000-00-00 00:00:00', 0),
(175, 173, 3, 0, 0, 0, '李玮文', '李', '玮文', '', '0', 1, '', 0, '', '', '', '', 0, '', '', '', '', '', '', '', '0000-00-00 00:00:00', 0),
(176, 173, 4, 0, 0, 0, '李玮珊', '李', '玮珊', '', '1', 1, '', 0, '', '', '', '', 0, '', '', '', '', '', '', '', '0000-00-00 00:00:00', 0);

-- --------------------------------------------------------

--
-- 表的结构 `bk_zupugx`
--

DROP TABLE IF EXISTS `bk_zupugx`;
CREATE TABLE IF NOT EXISTS `bk_zupugx` (
  `id` int(11) NOT NULL AUTO_INCREMENT COMMENT '关系ID',
  `zupid` int(10) UNSIGNED NOT NULL COMMENT 'zupu表id',
  `guanxid` int(10) UNSIGNED NOT NULL COMMENT '关系id',
  `guanxm` varchar(20) NOT NULL COMMENT '关系名称',
  PRIMARY KEY (`id`)
) ENGINE=InnoDB DEFAULT CHARSET=utf8;
COMMIT;

/*!40101 SET CHARACTER_SET_CLIENT=@OLD_CHARACTER_SET_CLIENT */;
/*!40101 SET CHARACTER_SET_RESULTS=@OLD_CHARACTER_SET_RESULTS */;
/*!40101 SET COLLATION_CONNECTION=@OLD_COLLATION_CONNECTION */;
